1,Course 1,Grow Department
2,Course 2,Example Department
3,Course 3,Collection Department
4,Course 4,Everybody Department
5,Course 5,Address Department
6,Course 6,Myself Department
7,Course 7,Look Department
8,Course 8,Get Department
9,Course 9,Husband Department
10,Course 10,Huge Department
11,Course 11,During Department
12,Course 12,Early Department
13,Course 13,Each Department
14,Course 14,Between Department
15,Course 15,Concern Department
16,Course 16,Fact Department
17,Course 17,Space Department
18,Course 18,Than Department
19,Course 19,Security Department
20,Course 20,For Department
21,Course 21,Something Department
22,Course 22,Theory Department
23,Course 23,Peace Department
24,Course 24,Growth Department
25,Course 25,Feeling Department
26,Course 26,Employee Department
27,Course 27,Court Department
28,Course 28,Similar Department
29,Course 29,However Department
30,Course 30,Break Department
31,Course 31,Individual Department
32,Course 32,Better Department
33,Course 33,Over Department
34,Course 34,Court Department
35,Course 35,Nice Department
36,Course 36,Road Department
37,Course 37,Still Department
38,Course 38,Easy Department
39,Course 39,Real Department
40,Course 40,Sign Department
41,Course 41,Color Department
42,Course 42,Language Department
43,Course 43,Same Department
44,Course 44,Guess Department
45,Course 45,Mention Department
46,Course 46,Admit Department
47,Course 47,Call Department
48,Course 48,Personal Department
49,Course 49,Into Department
50,Course 50,Myself Department
